/*
GRUPO: SKYLIÄ
558823 - Karine Maria Lopes Pereira 
554822 - Levi Prandi de Oliveira
556116 - Luiz Gustavo Borges Pioto
557342 - Matheus Koveroff Bellini
550635 - Sarah Santos Teixeira
*/


DROP TABLE T_SKA_ANEEL_AGENTE CASCADE CONSTRAINTS;

DROP TABLE T_SKA_ANEEL_CONSUMIDOR CASCADE CONSTRAINTS;

DROP TABLE T_SKA_ANEEL_INTERRUP_ENERGIA CASCADE CONSTRAINTS;

DROP TABLE T_SKA_INMET_LOCALIZACAO CASCADE CONSTRAINTS;

DROP TABLE T_SKA_INMET_MEDICAO CASCADE CONSTRAINTS;

DROP TABLE T_SKA_INMET_PRESS_ATMOSFERICA CASCADE CONSTRAINTS;

DROP TABLE T_SKA_INMET_TEMPERATURA CASCADE CONSTRAINTS;

DROP TABLE T_SKA_INMET_UMIDADE CASCADE CONSTRAINTS;

DROP TABLE T_SKA_INMET_VENTO CASCADE CONSTRAINTS;



CREATE TABLE T_SKA_ANEEL_AGENTE (
    CD_AGENTE      NUMBER(5)    NOT NULL,
    NM_AGENTE      VARCHAR2(50) NOT NULL,
    SG_AGENTE      CHAR(11)     NOT NULL,
    NR_CNPJ_AGENTE CHAR(14)     NOT NULL
);

    ALTER TABLE T_SKA_ANEEL_AGENTE 
ADD CONSTRAINT PK_T_SKA_ANEEL_AGENTE 
    PRIMARY KEY (CD_AGENTE);

CREATE TABLE T_SKA_ANEEL_CONSUMIDOR (
    CD_CONSUMIDOR  NUMBER(5)    NOT NULL,
    DT_GERACAO     DATE         NOT NULL,
    ID_UNIDADE     CHAR(10)       UNIQUE,
    DS_UNIDADE     VARCHAR2(50) NOT NULL,
    ID_CONSUMIDOR  CHAR(7)        UNIQUE,
    CD_LOCALIZACAO NUMBER(5)    NOT NULL
);

    ALTER TABLE T_SKA_ANEEL_CONSUMIDOR 
ADD CONSTRAINT PK_T_SKA_ANEEL_CONSUMIDOR 
    PRIMARY KEY (CD_CONSUMIDOR);

CREATE TABLE T_SKA_ANEEL_INTERRUP_ENERGIA (
    CD_INTERRUPCAO             NUMBER(5)    NOT NULL,
    NR_ORDEM_INTERRUPCAO       CHAR(10)     NOT NULL,
    DS_TIPO                    VARCHAR2(50) NOT NULL,
    DS_FATOR                   VARCHAR2(50) NOT NULL,
    NR_IDE_MOTIVO              NUMBER(2, 1) NOT NULL,
    IN_NIVEL_TENSAO            NUMBER(7, 1) NOT NULL,
    DS_ALIMENTADOR_SUBESTACAO  CHAR(7)      NOT NULL,
    SG_DISTRIBUICAO_SUBESTACAO CHAR(3)      NOT NULL,
    DT_INICIO                  DATE         NOT NULL,
    DT_FIM                     DATE         NOT NULL,
    CD_LOCALIZACAO             NUMBER(5)    NOT NULL,
    CD_AGENTE                  NUMBER(5)    NOT NULL
);

    ALTER TABLE T_SKA_ANEEL_INTERRUP_ENERGIA 
ADD CONSTRAINT PK_T_SKA_ANEEL_INTERRUP_ENERG 
    PRIMARY KEY (CD_INTERRUPCAO);

CREATE TABLE T_SKA_INMET_LOCALIZACAO (
    CD_LOCALIZACAO     NUMBER(5)     NOT NULL,
    NM_ESTADO          VARCHAR2(50)  NOT NULL,
    SG_UF              CHAR(2)       NOT NULL,
    IN_GRAUS_LATITUDE  NUMBER(10, 2) NOT NULL,
    IN_GRAUS_LONGITUDE NUMBER(10, 2) NOT NULL,
    IN_ALTITUDE_M      NUMBER(4)     NOT NULL,
    CD_CONSUMIDOR      NUMBER(5)     NOT NULL
);

    ALTER TABLE T_SKA_INMET_LOCALIZACAO 
ADD CONSTRAINT PK_T_SKA_INMET_LOCALIZACAO 
    PRIMARY KEY (CD_LOCALIZACAO);

CREATE TABLE T_SKA_INMET_MEDICAO (
    CD_MEDICAO              NUMBER(5)    NOT NULL,
    DT_HR_MEDICAO           DATE         NOT NULL,
    IN_RADIACAO_GLOBAL_KJM2 NUMBER(7, 2) NOT NULL,
    IN_PRECIPITACAO_HR_MM   NUMBER(4, 2) NOT NULL,
    CD_LOCALIZACAO          NUMBER(5)    NOT NULL
);

    ALTER TABLE T_SKA_INMET_MEDICAO 
ADD CONSTRAINT PK_T_SKA_INMET_MEDICAO 
    PRIMARY KEY (CD_MEDICAO);

CREATE TABLE T_SKA_INMET_PRESS_ATMOSFERICA (
    CD_PRESSAO        NUMBER(5)    NOT NULL,
    IN_PRESSAO_HR_MB  NUMBER(6, 2) NOT NULL,
    IN_PRESSAO_MAX_MB NUMBER(6, 2) NOT NULL,
    IN_PRESSAO_MIN_MB NUMBER(6, 2) NOT NULL,
    CD_MEDICAO        NUMBER(5)    NOT NULL 
);

 
    ALTER TABLE T_SKA_INMET_PRESS_ATMOSFERICA 
ADD CONSTRAINT PK_T_SKA_INMET_PRESS_ATMOSFERICA 
    PRIMARY KEY (CD_PRESSAO);

CREATE TABLE T_SKA_INMET_TEMPERATURA (
    CD_TEMPERATURA          NUMBER(5)    NOT NULL,
    IN_GRAU_TEMPERATURA_HR  NUMBER(5, 2) NOT NULL,
    IN_GRAU_TEMPERATURA_MAX NUMBER(5, 2) NOT NULL,
    IN_GRAU_TEMPERATURA_MIN NUMBER(5, 2) NOT NULL,
    IN_GRAU_PONTO_ORVALHO   NUMBER(5, 2) NOT NULL,
    IN_GRAU_ORVALHO_MAX     NUMBER(5, 2) NOT NULL,
    IN_GRAU_ORVALHO_MIN     NUMBER(5, 2) NOT NULL,
    CD_MEDICAO              NUMBER(5)    NOT NULL 
);

    ALTER TABLE T_SKA_INMET_TEMPERATURA 
ADD CONSTRAINT PK_T_SKA_INMET_TEMPERATURA 
    PRIMARY KEY (CD_TEMPERATURA);

CREATE TABLE T_SKA_INMET_UMIDADE (
    CD_UMIDADE                NUMBER(5)    NOT NULL,
    IN_PERCENTUAL_UMIDADE_HR  NUMBER(5, 2) NOT NULL,
    IN_PERCENTUAL_UMIDADE_MAX NUMBER(5, 2) NOT NULL,
    IN_PERCENTUAL_UMIDADE_MIN NUMBER(5, 2) NOT NULL,
    CD_MEDICAO                NUMBER(5)    NOT NULL
);

    ALTER TABLE T_SKA_INMET_UMIDADE 
ADD CONSTRAINT PK_T_SKA_INMET_UMIDADE 
    PRIMARY KEY (CD_UMIDADE);

CREATE TABLE T_SKA_INMET_VENTO (
    CD_VENTO            NUMBER(5)    NOT NULL,
    IN_GRAUS_DIRECAO_HR NUMBER(5, 2) NOT NULL,
    IN_VELOCIDADE_HR_MS NUMBER(4, 2) NOT NULL,
    IN_RAJADA_MAX_MS    NUMBER(4, 2) NOT NULL,
    CD_MEDICAO          NUMBER(5)    NOT NULL
);

    ALTER TABLE T_SKA_INMET_VENTO 
ADD CONSTRAINT PK_T_SKA_INMET_VENTO 
    PRIMARY KEY (CD_VENTO);

    ALTER TABLE T_SKA_ANEEL_INTERRUP_ENERGIA
ADD CONSTRAINT FK_T_SKA_ANEEL_INTERRUP_AGENT 
    FOREIGN KEY (CD_AGENTE)
    REFERENCES T_SKA_ANEEL_AGENTE (CD_AGENTE);

    ALTER TABLE T_SKA_ANEEL_INTERRUP_ENERGIA
ADD CONSTRAINT FK_T_SKA_ANEEL_INTERRUP_LOCAL 
    FOREIGN KEY (CD_LOCALIZACAO)
    REFERENCES T_SKA_INMET_LOCALIZACAO (CD_LOCALIZACAO);
 
    ALTER TABLE T_SKA_INMET_LOCALIZACAO
ADD CONSTRAINT FK_T_SKA_INMET_LOCAL_CONSUMIDOR 
    FOREIGN KEY (CD_CONSUMIDOR)
    REFERENCES T_SKA_ANEEL_CONSUMIDOR (CD_CONSUMIDOR);

    ALTER TABLE T_SKA_INMET_MEDICAO
ADD CONSTRAINT FK_T_SKA_INMET_MEDIC_LOCAL 
    FOREIGN KEY (CD_LOCALIZACAO)
    REFERENCES T_SKA_INMET_LOCALIZACAO (CD_LOCALIZACAO);

    ALTER TABLE T_SKA_INMET_PRESS_ATMOSFERICA
ADD CONSTRAINT FK_T_SKA_INMET_PRESS_ATM_MEDIC 
    FOREIGN KEY (CD_MEDICAO)
    REFERENCES T_SKA_INMET_MEDICAO (CD_MEDICAO);

    ALTER TABLE T_SKA_INMET_TEMPERATURA
ADD CONSTRAINT FK_T_SKA_INMET_TEMP_MEDIC 
    FOREIGN KEY (CD_MEDICAO)
    REFERENCES T_SKA_INMET_MEDICAO (CD_MEDICAO);

    ALTER TABLE T_SKA_INMET_UMIDADE
ADD CONSTRAINT FK_T_SKA_INMET_UMID_MEDIC 
    FOREIGN KEY (CD_MEDICAO)
    REFERENCES T_SKA_INMET_MEDICAO (CD_MEDICAO);

    ALTER TABLE T_SKA_INMET_VENTO
ADD CONSTRAINT FK_T_SKA_INMET_VENTO_MEDIC 
    FOREIGN KEY (CD_MEDICAO)
    REFERENCES T_SKA_INMET_MEDICAO (CD_MEDICAO);
    
ALTER TABLE T_SKA_ANEEL_AGENTE
MODIFY NM_AGENTE VARCHAR(70);

-- Adicionando valores à tabela: AGENTE
INSERT INTO T_SKA_ANEEL_AGENTE(CD_AGENTE, NM_AGENTE, SG_AGENTE, NR_CNPJ_AGENTE)
VALUES(1, 'ELETROPAULO METROPOLITANA ELETRICIDADE DE SAO PAULO', 'ELETROPAULO', '61695227000193');
INSERT INTO T_SKA_ANEEL_AGENTE(CD_AGENTE, NM_AGENTE, SG_AGENTE, NR_CNPJ_AGENTE)
VALUES(2, 'ELETROPAULO METROPOLITANA ELETRICIDADE DE SAO PAULO', 'ELETROPAULO', '61695227000193');
INSERT INTO T_SKA_ANEEL_AGENTE(CD_AGENTE, NM_AGENTE, SG_AGENTE, NR_CNPJ_AGENTE)
VALUES(3, 'ELETROPAULO METROPOLITANA ELETRICIDADE DE SAO PAULO', 'ELETROPAULO', '61695227000193');
INSERT INTO T_SKA_ANEEL_AGENTE(CD_AGENTE, NM_AGENTE, SG_AGENTE, NR_CNPJ_AGENTE)
VALUES(4, 'ELETROPAULO METROPOLITANA ELETRICIDADE DE SAO PAULO', 'ELETROPAULO', '61695227000193');
INSERT INTO T_SKA_ANEEL_AGENTE(CD_AGENTE, NM_AGENTE, SG_AGENTE, NR_CNPJ_AGENTE)
VALUES(5, 'ELETROPAULO METROPOLITANA ELETRICIDADE DE SAO PAULO', 'ELETROPAULO', '61695227000193');

-- Adicionando valores à tabela: CONSUMIDOR
INSERT INTO T_SKA_ANEEL_CONSUMIDOR(CD_CONSUMIDOR, DT_GERACAO, ID_UNIDADE, DS_UNIDADE, ID_CONSUMIDOR, CD_LOCALIZACAO)
VALUES(1, '07/01/2024', '15815.0', 'Germânia', '54931.0', 1);
INSERT INTO T_SKA_ANEEL_CONSUMIDOR(CD_CONSUMIDOR, DT_GERACAO, ID_UNIDADE, DS_UNIDADE, ID_CONSUMIDOR, CD_LOCALIZACAO)
VALUES(2, '10/07/2024', '12857.0', 'Brasilândia', '88010.0', 2);
INSERT INTO T_SKA_ANEEL_CONSUMIDOR(CD_CONSUMIDOR, DT_GERACAO, ID_UNIDADE, DS_UNIDADE, ID_CONSUMIDOR, CD_LOCALIZACAO)
VALUES(3, '10/07/2024', '12997.0', 'Vila Prosperidade', '79455.0', 3);
INSERT INTO T_SKA_ANEEL_CONSUMIDOR(CD_CONSUMIDOR, DT_GERACAO, ID_UNIDADE, DS_UNIDADE, ID_CONSUMIDOR, CD_LOCALIZACAO)
VALUES(4, '10/07/2024', '16593.0', 'Varginha', '107981', 4);
INSERT INTO T_SKA_ANEEL_CONSUMIDOR(CD_CONSUMIDOR, DT_GERACAO, ID_UNIDADE, DS_UNIDADE, ID_CONSUMIDOR, CD_LOCALIZACAO)
VALUES(5, '10/07/2024', '12838.0', 'Autonomistas', '71106.0', 5);

-- Adicionando valores à tabela: LOCALIZACAO
INSERT INTO T_SKA_INMET_LOCALIZACAO(CD_LOCALIZACAO, NM_ESTADO, SG_UF, IN_GRAUS_LATITUDE, IN_GRAUS_LONGITUDE, 
IN_ALTITUDE_M, CD_CONSUMIDOR)
VALUES(1, 'Sâo Paulo', 'SP', 23.5558, 46.6396, 762, 1);
INSERT INTO T_SKA_INMET_LOCALIZACAO(CD_LOCALIZACAO, NM_ESTADO, SG_UF, IN_GRAUS_LATITUDE, IN_GRAUS_LONGITUDE, 
IN_ALTITUDE_M, CD_CONSUMIDOR)
VALUES(2, 'Sâo Paulo', 'SP', 23.4703, 46.6900, 343, 2);
INSERT INTO T_SKA_INMET_LOCALIZACAO(CD_LOCALIZACAO, NM_ESTADO, SG_UF, IN_GRAUS_LATITUDE, IN_GRAUS_LONGITUDE, 
IN_ALTITUDE_M, CD_CONSUMIDOR)
VALUES(3, 'Sâo Paulo', 'SP', 23.0077, 45.5779, 260, 3);
INSERT INTO T_SKA_INMET_LOCALIZACAO(CD_LOCALIZACAO, NM_ESTADO, SG_UF, IN_GRAUS_LATITUDE, IN_GRAUS_LONGITUDE, 
IN_ALTITUDE_M, CD_CONSUMIDOR)
VALUES(4, 'Sâo Paulo', 'SP', 23.7801, 46.6836, 960, 4);
INSERT INTO T_SKA_INMET_LOCALIZACAO(CD_LOCALIZACAO, NM_ESTADO, SG_UF, IN_GRAUS_LATITUDE, IN_GRAUS_LONGITUDE, 
IN_ALTITUDE_M, CD_CONSUMIDOR)
VALUES(5, 'Sâo Paulo', 'SP', 23.5304, 46.7833, 740, 5);

-- Adicionando valores à tabela: INTERRUPCAO ENERGIA
INSERT INTO T_SKA_ANEEL_INTERRUP_ENERGIA(CD_INTERRUPCAO, NR_ORDEM_INTERRUPCAO, DS_TIPO, DS_FATOR, NR_IDE_MOTIVO,
IN_NIVEL_TENSAO, DS_ALIMENTADOR_SUBESTACAO, SG_DISTRIBUICAO_SUBESTACAO, DT_INICIO, DT_FIM, CD_LOCALIZACAO, CD_AGENTE)
VALUES (1, '12495101-1', 'Não Descrita', 'Meio ambiene: arvore ou vegetação', 0.0, 240.0, 'GER0102', 'GER', 
'07/01/2024', '07/01/2024', 1, 1);
INSERT INTO T_SKA_ANEEL_INTERRUP_ENERGIA(CD_INTERRUPCAO, NR_ORDEM_INTERRUPCAO, DS_TIPO, DS_FATOR, NR_IDE_MOTIVO,
IN_NIVEL_TENSAO, DS_ALIMENTADOR_SUBESTACAO, SG_DISTRIBUICAO_SUBESTACAO, DT_INICIO, DT_FIM, CD_LOCALIZACAO, CD_AGENTE)
VALUES (2, '12540355-1', 'Não Descrita', 'Próprias do sistema: sobrecarga', 0.0, 240.0, 'BSI0107', 'BSI', 
'15/01/2024', '15/01/2024', 2, 2);
INSERT INTO T_SKA_ANEEL_INTERRUP_ENERGIA(CD_INTERRUPCAO, NR_ORDEM_INTERRUPCAO, DS_TIPO, DS_FATOR, NR_IDE_MOTIVO,
IN_NIVEL_TENSAO, DS_ALIMENTADOR_SUBESTACAO, SG_DISTRIBUICAO_SUBESTACAO, DT_INICIO, DT_FIM, CD_LOCALIZACAO, CD_AGENTE)
VALUES (3, '12616870-1', 'Não Descrita', 'Terceiros: roubo', 6.0, 240.0, 'VPR0110', 'VPR', 
'01/02/2024', '01/02/2024', 3, 3);
INSERT INTO T_SKA_ANEEL_INTERRUP_ENERGIA(CD_INTERRUPCAO, NR_ORDEM_INTERRUPCAO, DS_TIPO, DS_FATOR, NR_IDE_MOTIVO,
IN_NIVEL_TENSAO, DS_ALIMENTADOR_SUBESTACAO, SG_DISTRIBUICAO_SUBESTACAO, DT_INICIO, DT_FIM, CD_LOCALIZACAO, CD_AGENTE)
VALUES (4, '12616870-1', 'Não Descrita', 'Próprias do sistema: falha operacional', 0.0, 240.0, 'VAR0111', 'VAR', 
'09/02/2024', '10/02/2024', 4, 4);
INSERT INTO T_SKA_ANEEL_INTERRUP_ENERGIA(CD_INTERRUPCAO, NR_ORDEM_INTERRUPCAO, DS_TIPO, DS_FATOR, NR_IDE_MOTIVO,
IN_NIVEL_TENSAO, DS_ALIMENTADOR_SUBESTACAO, SG_DISTRIBUICAO_SUBESTACAO, DT_INICIO, DT_FIM, CD_LOCALIZACAO, CD_AGENTE)
VALUES (5, '12808851-1', 'Não Descrita', 'Terceiros: roubo', 0.0, 240.0, 'AUT0108', 'AUT', 
'20/03/2024', '20/03/2024', 5, 5);

-- Adicionando valores à tabela: MEDICAO
INSERT INTO T_SKA_INMET_MEDICAO(CD_MEDICAO, DT_HR_MEDICAO, IN_RADIACAO_GLOBAL_KJM2, IN_PRECIPITACAO_HR_MM, CD_LOCALIZACAO)
VALUES(1, TO_DATE('07/01/2024 20:44:50', 'DD/MM/YYYY HH24:MI:SS'), 47.6, 0, 1);
INSERT INTO T_SKA_INMET_MEDICAO(CD_MEDICAO, DT_HR_MEDICAO, IN_RADIACAO_GLOBAL_KJM2, IN_PRECIPITACAO_HR_MM, CD_LOCALIZACAO)
VALUES(2, TO_DATE('15/01/2024 06:03:31', 'DD/MM/YYYY HH24:MI:SS'), 243.3, 0, 2);
INSERT INTO T_SKA_INMET_MEDICAO(CD_MEDICAO, DT_HR_MEDICAO, IN_RADIACAO_GLOBAL_KJM2, IN_PRECIPITACAO_HR_MM, CD_LOCALIZACAO)
VALUES(3, TO_DATE('01/02/2024 07:25:33', 'DD/MM/YYYY HH24:MI:SS'), 962.3, 0, 3);
INSERT INTO T_SKA_INMET_MEDICAO(CD_MEDICAO, DT_HR_MEDICAO, IN_RADIACAO_GLOBAL_KJM2, IN_PRECIPITACAO_HR_MM, CD_LOCALIZACAO)
VALUES(4, TO_DATE('09/02/2024 21:35:34', 'DD/MM/YYYY HH24:MI:SS'), 1282.7, 0, 4);
INSERT INTO T_SKA_INMET_MEDICAO(CD_MEDICAO, DT_HR_MEDICAO, IN_RADIACAO_GLOBAL_KJM2, IN_PRECIPITACAO_HR_MM, CD_LOCALIZACAO)
VALUES(5, TO_DATE('20/03/2024 10:27:16', 'DD/MM/YYYY HH24:MI:SS'), 1729.3, 0, 5);

-- Adicionando valores à tabela: PRESSAO ATMOSFERICA
INSERT INTO T_SKA_INMET_PRESS_ATMOSFERICA(CD_PRESSAO, IN_PRESSAO_HR_MB, IN_PRESSAO_MAX_MB, IN_PRESSAO_MIN_MB, CD_MEDICAO)
VALUES(1, 926.9, 926.9, 926.4, 1);
INSERT INTO T_SKA_INMET_PRESS_ATMOSFERICA(CD_PRESSAO, IN_PRESSAO_HR_MB, IN_PRESSAO_MAX_MB, IN_PRESSAO_MIN_MB, CD_MEDICAO)
VALUES(2, 927.6, 927.6, 926.9, 2);
INSERT INTO T_SKA_INMET_PRESS_ATMOSFERICA(CD_PRESSAO, IN_PRESSAO_HR_MB, IN_PRESSAO_MAX_MB, IN_PRESSAO_MIN_MB, CD_MEDICAO)
VALUES(3, 927.1, 927.7, 927.1, 3);
INSERT INTO T_SKA_INMET_PRESS_ATMOSFERICA(CD_PRESSAO, IN_PRESSAO_HR_MB, IN_PRESSAO_MAX_MB, IN_PRESSAO_MIN_MB, CD_MEDICAO)
VALUES(4, 927.2, 927.3, 927, 4);
INSERT INTO T_SKA_INMET_PRESS_ATMOSFERICA(CD_PRESSAO, IN_PRESSAO_HR_MB, IN_PRESSAO_MAX_MB, IN_PRESSAO_MIN_MB, CD_MEDICAO)
VALUES(5, 926.3, 927.2, 926.3, 5);

-- Adicionando valores à tabela: TEMPERATURA
INSERT INTO T_SKA_INMET_TEMPERATURA(CD_TEMPERATURA, IN_GRAU_TEMPERATURA_HR, IN_GRAU_TEMPERATURA_MAX, IN_GRAU_TEMPERATURA_MIN,
IN_GRAU_PONTO_ORVALHO, IN_GRAU_ORVALHO_MAX, IN_GRAU_ORVALHO_MIN, CD_MEDICAO)
VALUES(1, 19.5, 19.9, 19.4, 15, 15.2, 14.5, 1);
INSERT INTO T_SKA_INMET_TEMPERATURA(CD_TEMPERATURA, IN_GRAU_TEMPERATURA_HR, IN_GRAU_TEMPERATURA_MAX, IN_GRAU_TEMPERATURA_MIN,
IN_GRAU_PONTO_ORVALHO, IN_GRAU_ORVALHO_MAX, IN_GRAU_ORVALHO_MIN, CD_MEDICAO)
VALUES(2, 19.3, 19.6, 19.3, 14.8, 15, 14.7, 2);
INSERT INTO T_SKA_INMET_TEMPERATURA(CD_TEMPERATURA, IN_GRAU_TEMPERATURA_HR, IN_GRAU_TEMPERATURA_MAX, IN_GRAU_TEMPERATURA_MIN,
IN_GRAU_PONTO_ORVALHO, IN_GRAU_ORVALHO_MAX, IN_GRAU_ORVALHO_MIN, CD_MEDICAO)
VALUES(3, 19, 19.4, 19, 14.6, 19, 14.6, 3);
INSERT INTO T_SKA_INMET_TEMPERATURA(CD_TEMPERATURA, IN_GRAU_TEMPERATURA_HR, IN_GRAU_TEMPERATURA_MAX, IN_GRAU_TEMPERATURA_MIN,
IN_GRAU_PONTO_ORVALHO, IN_GRAU_ORVALHO_MAX, IN_GRAU_ORVALHO_MIN, CD_MEDICAO)
VALUES(4, 19.2, 19.2, 19, 13.8, 14.6, 13.7, 4);
INSERT INTO T_SKA_INMET_TEMPERATURA(CD_TEMPERATURA, IN_GRAU_TEMPERATURA_HR, IN_GRAU_TEMPERATURA_MAX, IN_GRAU_TEMPERATURA_MIN,
IN_GRAU_PONTO_ORVALHO, IN_GRAU_ORVALHO_MAX, IN_GRAU_ORVALHO_MIN, CD_MEDICAO)
VALUES(5, 18.9, 19.2, 18.8, 13.4, 13.8, 13.3, 5);

-- Adicionando valores à tabela: UMIDADE
INSERT INTO T_SKA_INMET_UMIDADE(CD_UMIDADE, IN_PERCENTUAL_UMIDADE_HR, IN_PERCENTUAL_UMIDADE_MAX, IN_PERCENTUAL_UMIDADE_MIN, CD_MEDICAO)
VALUES(1, 75, 76, 71, 1);
INSERT INTO T_SKA_INMET_UMIDADE(CD_UMIDADE, IN_PERCENTUAL_UMIDADE_HR, IN_PERCENTUAL_UMIDADE_MAX, IN_PERCENTUAL_UMIDADE_MIN, CD_MEDICAO)
VALUES(2, 75, 76, 74, 2);
INSERT INTO T_SKA_INMET_UMIDADE(CD_UMIDADE, IN_PERCENTUAL_UMIDADE_HR, IN_PERCENTUAL_UMIDADE_MAX, IN_PERCENTUAL_UMIDADE_MIN, CD_MEDICAO)
VALUES(3, 75, 76, 75, 3);
INSERT INTO T_SKA_INMET_UMIDADE(CD_UMIDADE, IN_PERCENTUAL_UMIDADE_HR, IN_PERCENTUAL_UMIDADE_MAX, IN_PERCENTUAL_UMIDADE_MIN, CD_MEDICAO)
VALUES(4, 71, 75, 71, 4);
INSERT INTO T_SKA_INMET_UMIDADE(CD_UMIDADE, IN_PERCENTUAL_UMIDADE_HR, IN_PERCENTUAL_UMIDADE_MAX, IN_PERCENTUAL_UMIDADE_MIN, CD_MEDICAO)
VALUES(5, 70, 71, 69, 5);

-- Adicionando valores à tabela: VENTO
INSERT INTO T_SKA_INMET_VENTO(CD_VENTO, IN_GRAUS_DIRECAO_HR, IN_VELOCIDADE_HR_MS, IN_RAJADA_MAX_MS, CD_MEDICAO)
VALUES(1, 161, 3.4, 8.8, 1);
INSERT INTO T_SKA_INMET_VENTO(CD_VENTO, IN_GRAUS_DIRECAO_HR, IN_VELOCIDADE_HR_MS, IN_RAJADA_MAX_MS, CD_MEDICAO)
VALUES(2, 156, 3, 8.8, 2);
INSERT INTO T_SKA_INMET_VENTO(CD_VENTO, IN_GRAUS_DIRECAO_HR, IN_VELOCIDADE_HR_MS, IN_RAJADA_MAX_MS, CD_MEDICAO)
VALUES(3, 151, 3, 8.1, 3);
INSERT INTO T_SKA_INMET_VENTO(CD_VENTO, IN_GRAUS_DIRECAO_HR, IN_VELOCIDADE_HR_MS, IN_RAJADA_MAX_MS, CD_MEDICAO)
VALUES(4, 150, 2.1, 6.7, 4);
INSERT INTO T_SKA_INMET_VENTO(CD_VENTO, IN_GRAUS_DIRECAO_HR, IN_VELOCIDADE_HR_MS, IN_RAJADA_MAX_MS, CD_MEDICAO)
VALUES(5, 143, 2.2, 6.3, 5);

COMMIT;